{"reason":"benchmark-complete","id":"exponentiate/setup","report_directory":"/Users/schaliasos/Documents/Projects/zk-Harness/frameworks/halo2_pse/target/criterion/reports/exponentiate/setup","iteration_count":[4,8,12,16,20,24,28,32,36,40],"measured_values":[106688375.0,213471167.0,316750166.0,420778959.0,531301708.0,631590333.0,742284625.0,861776459.0,907166792.0,1030879458.0],"unit":"ns","throughput":[],"typical":{"estimate":26088667.1012987,"lower_bound":25642848.656759907,"upper_bound":26667123.994220156,"unit":"ns"},"mean":{"estimate":26334361.453204364,"lower_bound":26010889.970079366,"upper_bound":26601163.954139136,"unit":"ns"},"median":{"estimate":26453006.17261905,"lower_bound":26044125.1625,"upper_bound":26672093.75,"unit":"ns"},"median_abs_dev":{"estimate":276807.94779192656,"lower_bound":72026.35920252743,"upper_bound":779979.9611525844,"unit":"ns"},"slope":{"estimate":26088667.1012987,"lower_bound":25642848.656759907,"upper_bound":26667123.994220156,"unit":"ns"},"change":{"mean":{"estimate":0.052454371141253286,"lower_bound":0.037754648689552264,"upper_bound":0.06479003505306018,"unit":"%"},"median":{"estimate":0.05595586692379517,"lower_bound":0.039904335569614924,"upper_bound":0.06694274641984865,"unit":"%"},"change":"Regressed"}}
{"reason":"benchmark-complete","id":"exponentiate/prove","report_directory":"/Users/schaliasos/Documents/Projects/zk-Harness/frameworks/halo2_pse/target/criterion/reports/exponentiate/prove","iteration_count":[3,6,9,12,15,18,21,24,27,30],"measured_values":[101466583.0,203244333.0,305270834.0,409069625.0,505634500.0,611799541.0,714479500.0,817927292.0,917043209.0,1019305792.0],"unit":"ns","throughput":[],"typical":{"estimate":33982889.726406924,"lower_bound":33918856.2081448,"upper_bound":34032498.03345681,"unit":"ns"},"mean":{"estimate":33944675.70574074,"lower_bound":33871879.36600926,"upper_bound":34010068.34388889,"unit":"ns"},"median":{"estimate":33970711.51481482,"lower_bound":33870587.94444445,"upper_bound":34034583.61111111,"unit":"ns"},"median_abs_dev":{"estimate":110289.00589198059,"lower_bound":18013.658319080274,"upper_bound":196278.86765044057,"unit":"ns"},"slope":{"estimate":33982889.726406924,"lower_bound":33918856.2081448,"upper_bound":34032498.03345681,"unit":"ns"},"change":{"mean":{"estimate":-0.0064494423843814985,"lower_bound":-0.010161890399791651,"upper_bound":-0.0025138472797550035,"unit":"%"},"median":{"estimate":-0.005999159756942762,"lower_bound":-0.011200360183497016,"upper_bound":-0.0012660177961842933,"unit":"%"},"change":"NoChange"}}
{"reason":"benchmark-complete","id":"exponentiate/verify","report_directory":"/Users/schaliasos/Documents/Projects/zk-Harness/frameworks/halo2_pse/target/criterion/reports/exponentiate/verify","iteration_count":[119,238,357,476,595,714,833,952,1071,1190],"measured_values":[91302500.0,181187833.0,276932666.0,361827875.0,449523333.0,539380375.0,631198375.0,731769834.0,823877125.0,918259167.0],"unit":"ns","throughput":[],"typical":{"estimate":765812.9361781076,"lower_bound":759478.5681687325,"upper_bound":769539.3051804926,"unit":"ns"},"mean":{"estimate":764265.4746551954,"lower_bound":760131.9252721922,"upper_bound":768507.2197093838,"unit":"ns"},"median":{"estimate":764270.6575630251,"lower_bound":757741.1464585834,"upper_bound":770156.0754201681,"unit":"ns"},"median_abs_dev":{"estimate":8538.694106110983,"lower_bound":1491.3384539156516,"upper_bound":11788.318404539157,"unit":"ns"},"slope":{"estimate":765812.9361781076,"lower_bound":759478.5681687325,"upper_bound":769539.3051804926,"unit":"ns"},"change":{"mean":{"estimate":-0.007948603599548854,"lower_bound":-0.013213412218460232,"upper_bound":-0.002186979282486201,"unit":"%"},"median":{"estimate":-0.007182738064234417,"lower_bound":-0.01720551616543342,"upper_bound":0.00024397770742079494,"unit":"%"},"change":"NoChange"}}
{"reason":"group-complete","group_name":"exponentiate","benchmarks":["exponentiate/setup","exponentiate/prove","exponentiate/verify"],"report_directory":"/Users/schaliasos/Documents/Projects/zk-Harness/frameworks/halo2_pse/target/criterion/reports/exponentiate"}
