{"reason":"benchmark-complete","id":"exponentiation/setup","report_directory":"/Users/serious/Documents/01_Promotion/01_Projects/03_ZK_compilers/zk-Harness/bellman_circuits/target/criterion/reports/exponentiation/setup","iteration_count":[13,26,39,52,65,78,91,104,117,130],"measured_values":[93369792.0,189641875.0,283127334.0,376876834.0,466050125.0,565149875.0,661993917.0,754655917.0,845880125.0,938124958.0],"unit":"ns","throughput":[],"typical":{"estimate":7235977.665334665,"lower_bound":7218568.044546498,"upper_bound":7256721.912087912,"unit":"ns"},"mean":{"estimate":7237608.556810133,"lower_bound":7213733.979461005,"upper_bound":7259888.768394383,"unit":"ns"},"median":{"estimate":7246571.32051282,"lower_bound":7206018.175213675,"upper_bound":7265482.661401099,"unit":"ns"},"median_abs_dev":{"estimate":33294.577444800314,"lower_bound":8002.834685805704,"upper_bound":68471.4603766962,"unit":"ns"},"slope":{"estimate":7235977.665334665,"lower_bound":7218568.044546498,"upper_bound":7256721.912087912,"unit":"ns"},"change":{"mean":{"estimate":-0.00013297394376632354,"lower_bound":-0.0054983253098691755,"upper_bound":0.004938117867222835,"unit":"%"},"median":{"estimate":0.000017416143528903305,"lower_bound":-0.008282563990699265,"upper_bound":0.00576115637493535,"unit":"%"},"change":"NoChange"}}
{"reason":"benchmark-complete","id":"exponentiation/prove","report_directory":"/Users/serious/Documents/01_Promotion/01_Projects/03_ZK_compilers/zk-Harness/bellman_circuits/target/criterion/reports/exponentiation/prove","iteration_count":[17,34,51,68,85,102,119,136,153,170],"measured_values":[93191917.0,181656792.0,272483458.0,365349667.0,461011667.0,546947833.0,646370959.0,724301666.0,838565167.0,910279875.0],"unit":"ns","throughput":[],"typical":{"estimate":5392054.265851796,"lower_bound":5349883.895686849,"upper_bound":5442809.361764706,"unit":"ns"},"mean":{"estimate":5391906.860429505,"lower_bound":5359490.78617647,"upper_bound":5427358.3317148695,"unit":"ns"},"median":{"estimate":5367511.43872549,"lower_bound":5342846.823529412,"upper_bound":5452242.377777778,"unit":"ns"},"median_abs_dev":{"estimate":49268.59950177768,"lower_bound":8728.50937150838,"upper_bound":88079.94951126729,"unit":"ns"},"slope":{"estimate":5392054.265851796,"lower_bound":5349883.895686849,"upper_bound":5442809.361764706,"unit":"ns"},"change":{"mean":{"estimate":0.006603796892706626,"lower_bound":-0.0026285928726141545,"upper_bound":0.016017451694414254,"unit":"%"},"median":{"estimate":0.006020118152615606,"lower_bound":-0.006700914901215604,"upper_bound":0.02128906802056152,"unit":"%"},"change":"NoChange"}}
{"reason":"benchmark-complete","id":"exponentiation/verify","report_directory":"/Users/serious/Documents/01_Promotion/01_Projects/03_ZK_compilers/zk-Harness/bellman_circuits/target/criterion/reports/exponentiation/verify","iteration_count":[61356769,122713538,184070307,245427076,306783845,368140614,429497383,490854152,552210921,613567690],"measured_values":[91171500.0,180962667.0,270620709.0,360765167.0,451191833.0,541845583.0,631322334.0,721572417.0,813130667.0,901823291.0],"unit":"ns","throughput":[],"typical":{"estimate":1.4707803397510084,"lower_bound":1.4700231896081433,"upper_bound":1.4718471031670142,"unit":"ns"},"mean":{"estimate":1.4725557501042768,"lower_bound":1.470392057958645,"upper_bound":1.4758382498993141,"unit":"ns"},"median":{"estimate":1.470459352251746,"lower_bound":1.4699485194534934,"upper_bound":1.4732598669485568,"unit":"ns"},"median_abs_dev":{"estimate":0.0008944835585402579,"lower_bound":0.00012123068614411433,"upper_bound":0.003658120469197302,"unit":"ns"},"slope":{"estimate":1.4707803397510084,"lower_bound":1.4700231896081433,"upper_bound":1.4718471031670142,"unit":"ns"},"change":{"mean":{"estimate":-0.0009679998940637091,"lower_bound":-0.0037730225451857,"upper_bound":0.0019479502392765627,"unit":"%"},"median":{"estimate":-0.0016418342317487955,"lower_bound":-0.0038086238999383015,"upper_bound":0.0006988595596066904,"unit":"%"},"change":"NoChange"}}
{"reason":"group-complete","group_name":"exponentiation","benchmarks":["exponentiation/setup","exponentiation/prove","exponentiation/verify"],"report_directory":"/Users/serious/Documents/01_Promotion/01_Projects/03_ZK_compilers/zk-Harness/bellman_circuits/target/criterion/reports/exponentiation"}
