{"reason":"benchmark-complete","id":"exponentiation/setup","report_directory":"/Users/serious/Documents/01_Promotion/01_Projects/03_ZK_compilers/zk-Harness/bellman_circuits/target/criterion/reports/exponentiation/setup","iteration_count":[13,26,39,52,65,78,91,104,117,130],"measured_values":[93735541.0,189630083.0,280800875.0,371213333.0,466922209.0,563921708.0,657805292.0,749206584.0,837669125.0,936410125.0],"unit":"ns","throughput":[],"typical":{"estimate":7196764.445154845,"lower_bound":7176039.483300498,"upper_bound":7216110.347442602,"unit":"ns"},"mean":{"estimate":7205107.44495116,"lower_bound":7181341.666410257,"upper_bound":7231082.276175825,"unit":"ns"},"median":{"estimate":7203532.134615385,"lower_bound":7179793.803418804,"upper_bound":7228629.582417582,"unit":"ns"},"median_abs_dev":{"estimate":33514.90067114551,"lower_bound":2881.4520565365556,"upper_bound":67493.5438152117,"unit":"ns"},"slope":{"estimate":7196764.445154845,"lower_bound":7176039.483300498,"upper_bound":7216110.347442602,"unit":"ns"},"change":{"mean":{"estimate":-0.9990356799689105,"lower_bound":-0.9990504980576767,"upper_bound":-0.9990211130889937,"unit":"%"},"median":{"estimate":-0.9990281690412894,"lower_bound":-0.9990597472424011,"upper_bound":-0.9990125369205151,"unit":"%"},"change":"Improved"}}
{"reason":"benchmark-complete","id":"exponentiation/prove","report_directory":"/Users/serious/Documents/01_Promotion/01_Projects/03_ZK_compilers/zk-Harness/bellman_circuits/target/criterion/reports/exponentiation/prove","iteration_count":[17,34,51,68,85,102,119,136,153,170],"measured_values":[115728917.0,188727416.0,268002125.0,364710792.0,464850625.0,551457000.0,642382416.0,736863375.0,819247542.0,908052625.0],"unit":"ns","throughput":[],"typical":{"estimate":5383402.056073339,"lower_bound":5357665.5862910235,"upper_bound":5424949.820064882,"unit":"ns"},"mean":{"estimate":5536432.913410364,"lower_bound":5359025.120588236,"upper_bound":5835596.07758666,"unit":"ns"},"median":{"estimate":5402306.3697478995,"lower_bound":5352440.014705882,"upper_bound":5484459.702205882,"unit":"ns"},"median_abs_dev":{"estimate":80481.16937999772,"lower_bound":14782.625122114585,"upper_bound":197019.1866797097,"unit":"ns"},"slope":{"estimate":5383402.056073339,"lower_bound":5357665.5862910235,"upper_bound":5424949.820064882,"unit":"ns"},"change":{"mean":{"estimate":-0.9956834826704957,"lower_bound":-0.9958612957156467,"upper_bound":-0.9954293439459994,"unit":"%"},"median":{"estimate":-0.9957887810980253,"lower_bound":-0.9958583687126646,"upper_bound":-0.9956673993281989,"unit":"%"},"change":"Improved"}}
{"reason":"benchmark-complete","id":"exponentiation/verify","report_directory":"/Users/serious/Documents/01_Promotion/01_Projects/03_ZK_compilers/zk-Harness/bellman_circuits/target/criterion/reports/exponentiation/verify","iteration_count":[73650492,147300984,220951476,294601968,368252460,441902952,515553444,589203936,662854428,736504920],"measured_values":[91055917.0,182336750.0,271922166.0,362234708.0,453344042.0,542531125.0,653019958.0,740977917.0,818406000.0,902333000.0],"unit":"ns","throughput":[],"typical":{"estimate":1.2389259157176555,"lower_bound":1.2280432490121407,"upper_bound":1.25239458706859,"unit":"ns"},"mean":{"estimate":1.2377275885953865,"lower_bound":1.2306538666548668,"upper_bound":1.2464370368797302,"unit":"ns"},"median":{"estimate":1.2328689426813333,"lower_bound":1.2292014028003142,"upper_bound":1.2469581101033242,"unit":"ns"},"median_abs_dev":{"estimate":0.006255298124835854,"lower_bound":0.001377136279677744,"upper_bound":0.016992310272605855,"unit":"ns"},"slope":{"estimate":1.2389259157176555,"lower_bound":1.2280432490121407,"upper_bound":1.25239458706859,"unit":"ns"},"change":{"mean":{"estimate":-0.03549070803318144,"lower_bound":-0.04510017419192491,"upper_bound":-0.025181403298035667,"unit":"%"},"median":{"estimate":-0.03640047002040392,"lower_bound":-0.0506190329929056,"upper_bound":-0.024765257441949462,"unit":"%"},"change":"Improved"}}
{"reason":"group-complete","group_name":"exponentiation","benchmarks":["exponentiation/setup","exponentiation/prove","exponentiation/verify"],"report_directory":"/Users/serious/Documents/01_Promotion/01_Projects/03_ZK_compilers/zk-Harness/bellman_circuits/target/criterion/reports/exponentiation"}
