{"reason":"benchmark-complete","id":"exponentiate/witness","report_directory":"/home/ec2-user/zk-Harness/frameworks/starky_circuits/target/criterion/reports/exponentiate/witness","iteration_count":[434,868,1302,1736,2170,2604,3038,3472,3906,4340],"measured_values":[90862268.0,181834704.0,272979188.0,363735730.0,454755166.0,544999950.0,634176311.0,724789563.0,815625659.0,906501422.0],"unit":"ns","throughput":[],"typical":{"estimate":208961.5388233886,"lower_bound":208837.9647176632,"upper_bound":209231.43266487736,"unit":"ns"},"mean":{"estimate":209207.71889885527,"lower_bound":208987.60216827592,"upper_bound":209425.18657962108,"unit":"ns"},"median":{"estimate":209326.72004608295,"lower_bound":208812.02485599078,"upper_bound":209525.78940092167,"unit":"ns"},"median_abs_dev":{"estimate":424.458921174034,"lower_bound":52.15896525102559,"upper_bound":545.68447095733,"unit":"ns"},"slope":{"estimate":208961.5388233886,"lower_bound":208837.9647176632,"upper_bound":209231.43266487736,"unit":"ns"},"change":{"mean":{"estimate":1.2672509596196089,"lower_bound":1.263871058991911,"upper_bound":1.2703351987907423,"unit":"%"},"median":{"estimate":1.2682589871434438,"lower_bound":1.2621380745763657,"upper_bound":1.2729201195979192,"unit":"%"},"change":"Regressed"}}
{"reason":"benchmark-complete","id":"exponentiate/prove","report_directory":"/home/ec2-user/zk-Harness/frameworks/starky_circuits/target/criterion/reports/exponentiate/prove","iteration_count":[2,4,6,8,10,12,14,16,18,20],"measured_values":[121172373.0,392286190.0,541717914.0,648764389.0,855908623.0,751804293.0,1454235885.0,1392866409.0,1339202388.0,1420948048.0],"unit":"ns","throughput":[],"typical":{"estimate":79871700.47142857,"lower_bound":72346842.8371109,"upper_bound":90821599.34613846,"unit":"ns"},"mean":{"estimate":81465649.90898809,"lower_bound":72998890.21166667,"upper_bound":89866102.72885711,"unit":"ns"},"median":{"estimate":83343205.4625,"lower_bound":68525245.20833334,"upper_bound":92562849.03125,"unit":"ns"},"median_abs_dev":{"estimate":15744378.394263908,"lower_bound":3480741.989914479,"upper_bound":25715903.712091446,"unit":"ns"},"slope":{"estimate":79871700.47142857,"lower_bound":72346842.8371109,"upper_bound":90821599.34613846,"unit":"ns"},"change":{"mean":{"estimate":-0.6490551582110766,"lower_bound":-0.7041128869108708,"upper_bound":-0.5746873463629578,"unit":"%"},"median":{"estimate":-0.6387939639925757,"lower_bound":-0.7193313199242376,"upper_bound":-0.57653172212591,"unit":"%"},"change":"Improved"}}
{"reason":"benchmark-complete","id":"exponentiate/verify","report_directory":"/home/ec2-user/zk-Harness/frameworks/starky_circuits/target/criterion/reports/exponentiate/verify","iteration_count":[17,34,51,68,85,102,119,136,153,170],"measured_values":[93976453.0,187933842.0,281873584.0,375729763.0,469827846.0,563601717.0,657723785.0,751644350.0,845622833.0,939600954.0],"unit":"ns","throughput":[],"typical":{"estimate":5526809.748663101,"lower_bound":5526359.280185758,"upper_bound":5527062.5889705885,"unit":"ns"},"mean":{"estimate":5526865.51295985,"lower_bound":5526368.425191175,"upper_bound":5527316.274103641,"unit":"ns"},"median":{"estimate":5527005.528104575,"lower_bound":5526220.024509804,"upper_bound":5527386.423529412,"unit":"ns"},"median_abs_dev":{"estimate":437.1685854740896,"lower_bound":97.41844650604442,"upper_bound":1306.8210312116357,"unit":"ns"},"slope":{"estimate":5526809.748663101,"lower_bound":5526359.280185758,"upper_bound":5527062.5889705885,"unit":"ns"},"change":{"mean":{"estimate":0.15311420250580765,"lower_bound":0.15301861087201918,"upper_bound":0.15322073715301604,"unit":"%"},"median":{"estimate":0.15313103760085278,"lower_bound":0.1530770467669036,"upper_bound":0.15323875759537864,"unit":"%"},"change":"Regressed"}}
{"reason":"group-complete","group_name":"exponentiate","benchmarks":["exponentiate/witness","exponentiate/prove","exponentiate/verify"],"report_directory":"/home/ec2-user/zk-Harness/frameworks/starky_circuits/target/criterion/reports/exponentiate"}
