{"reason":"benchmark-complete","id":"exponentiate/witness","report_directory":"/home/ec2-user/zk-Harness/frameworks/starky_circuits/target/criterion/reports/exponentiate/witness","iteration_count":[202,404,606,808,1010,1212,1414,1616,1818,2020],"measured_values":[91488261.0,182424194.0,273745904.0,365025876.0,456159740.0,546583987.0,638322794.0,729285962.0,821632425.0,913140694.0],"unit":"ns","throughput":[],"typical":{"estimate":451673.2223993828,"lower_bound":451326.0768906678,"upper_bound":451919.3418768598,"unit":"ns"},"mean":{"estimate":451728.2265947666,"lower_bound":451446.609203206,"upper_bound":452053.2896699671,"unit":"ns"},"median":{"estimate":451684.61056105606,"lower_bound":451417.92636138614,"upper_bound":451943.0280528053,"unit":"ns"},"median_abs_dev":{"estimate":379.90191355243155,"lower_bound":89.98721275887017,"upper_bound":757.4663380373713,"unit":"ns"},"slope":{"estimate":451673.2223993828,"lower_bound":451326.0768906678,"upper_bound":451919.3418768598,"unit":"ns"},"change":{"mean":{"estimate":1.1592330769265815,"lower_bound":1.1566079757348116,"upper_bound":1.1619284151652196,"unit":"%"},"median":{"estimate":1.1577972007664306,"lower_bound":1.1552530069456393,"upper_bound":1.1635187139097187,"unit":"%"},"change":"Regressed"}}
{"reason":"benchmark-complete","id":"exponentiate/prove","report_directory":"/home/ec2-user/zk-Harness/frameworks/starky_circuits/target/criterion/reports/exponentiate/prove","iteration_count":[1,2,3,4,5,6,7,8,9,10],"measured_values":[371339397.0,520262303.0,643285474.0,698784682.0,1182329070.0,1372114117.0,1811667597.0,1119558318.0,1975931879.0,2365411901.0],"unit":"ns","throughput":[],"typical":{"estimate":216511259.34805194,"lower_bound":182191314.64961636,"upper_bound":240728891.05278647,"unit":"ns"},"mean":{"estimate":234059033.36198416,"lower_bound":201088202.0800893,"upper_bound":272237459.0172143,"unit":"ns"},"median":{"estimate":232575750.0833333,"lower_bound":201690928.3333333,"upper_bound":258809656.7142857,"unit":"ns"},"median_abs_dev":{"estimate":32899757.312812533,"lower_bound":5823284.962396028,"upper_bound":89094148.38353768,"unit":"ns"},"slope":{"estimate":216511259.34805194,"lower_bound":182191314.64961636,"upper_bound":240728891.05278647,"unit":"ns"},"change":{"mean":{"estimate":1.8731009158273526,"lower_bound":1.3761609942623936,"upper_bound":2.5127635409809224,"unit":"%"},"median":{"estimate":1.790578413593415,"lower_bound":1.3619629732918632,"upper_bound":2.4796908769803845,"unit":"%"},"change":"Regressed"}}
{"reason":"benchmark-complete","id":"exponentiate/verify","report_directory":"/home/ec2-user/zk-Harness/frameworks/starky_circuits/target/criterion/reports/exponentiate/verify","iteration_count":[15,30,45,60,75,90,105,120,135,150],"measured_values":[96164986.0,192354900.0,288680509.0,384609293.0,480505823.0,576748961.0,672613902.0,768682993.0,864815504.0,960855276.0],"unit":"ns","throughput":[],"typical":{"estimate":6406585.267532468,"lower_bound":6405987.318024691,"upper_bound":6408046.412021858,"unit":"ns"},"mean":{"estimate":6408645.337219576,"lower_bound":6406869.669793651,"upper_bound":6410665.614065277,"unit":"ns"},"median":{"estimate":6407533.047777778,"lower_bound":6405846.685714286,"upper_bound":6410999.066666666,"unit":"ns"},"median_abs_dev":{"estimate":2722.533337498413,"lower_bound":214.74825218783513,"upper_bound":6113.286838134467,"unit":"ns"},"slope":{"estimate":6406585.267532468,"lower_bound":6405987.318024691,"upper_bound":6408046.412021858,"unit":"ns"},"change":{"mean":{"estimate":0.1595442882031517,"lower_bound":0.1592143476782335,"upper_bound":0.15991255847521701,"unit":"%"},"median":{"estimate":0.1593136672644453,"lower_bound":0.15898647385410647,"upper_bound":0.15996704360431369,"unit":"%"},"change":"Regressed"}}
{"reason":"group-complete","group_name":"exponentiate","benchmarks":["exponentiate/witness","exponentiate/prove","exponentiate/verify"],"report_directory":"/home/ec2-user/zk-Harness/frameworks/starky_circuits/target/criterion/reports/exponentiate"}
