{"reason":"benchmark-complete","id":"exponentiate/setup","report_directory":"/Users/schaliasos/Documents/Projects/zk-Harness/halo2_pse/target/criterion/reports/exponentiate/setup","iteration_count":[5,10,15,20,25,30,35,40,45,50],"measured_values":[109255500.0,219329416.0,327651625.0,437898750.0,546612542.0,655475416.0,765538291.0,875694500.0,982876417.0,1109220334.0],"unit":"ns","throughput":[],"typical":{"estimate":21948464.69766234,"lower_bound":21853160.372912135,"upper_bound":22073184.23143791,"unit":"ns"},"mean":{"estimate":21902709.291555554,"lower_bound":21858462.106361106,"upper_bound":21971238.47425,"unit":"ns"},"median":{"estimate":21868512.14,"lower_bound":21847270.833333336,"upper_bound":21912652.05,"unit":"ns"},"median_abs_dev":{"estimate":36265.01310616639,"lower_bound":5677.1223992100095,"upper_bound":68037.98550808543,"unit":"ns"},"slope":{"estimate":21948464.69766234,"lower_bound":21853160.372912135,"upper_bound":22073184.23143791,"unit":"ns"},"change":{"mean":{"estimate":0.004194943357312297,"lower_bound":-0.0073860650803332754,"upper_bound":0.01279801916609038,"unit":"%"},"median":{"estimate":0.00878846517617049,"lower_bound":0.0013830101585119436,"upper_bound":0.012497287357196019,"unit":"%"},"change":"NoChange"}}
{"reason":"benchmark-complete","id":"exponentiate/prove","report_directory":"/Users/schaliasos/Documents/Projects/zk-Harness/halo2_pse/target/criterion/reports/exponentiate/prove","iteration_count":[6,12,18,24,30,36,42,48,54,60],"measured_values":[86956958.0,186248667.0,278680084.0,338006166.0,422328375.0,515858042.0,591568792.0,678019917.0,760993875.0,843365000.0],"unit":"ns","throughput":[],"typical":{"estimate":14156729.476190476,"lower_bound":14088635.598793346,"upper_bound":14323592.600048702,"unit":"ns"},"mean":{"estimate":14434531.695337301,"lower_bound":14130695.418452382,"upper_bound":14816505.729365077,"unit":"ns"},"median":{"estimate":14108947.052083332,"lower_bound":14081291.86904762,"upper_bound":14905808.472222222,"unit":"ns"},"median_abs_dev":{"estimate":62416.17706063905,"lower_bound":6478.758909980089,"upper_bound":761979.229497164,"unit":"ns"},"slope":{"estimate":14156729.476190476,"lower_bound":14088635.598793346,"upper_bound":14323592.600048702,"unit":"ns"},"change":{"mean":{"estimate":0.014230594275877362,"lower_bound":-0.00833203631764629,"upper_bound":0.04316788582302028,"unit":"%"},"median":{"estimate":-0.007370268011470671,"lower_bound":-0.013641591723081214,"upper_bound":0.050592310914435494,"unit":"%"},"change":"NoChange"}}
{"reason":"benchmark-complete","id":"exponentiate/verify","report_directory":"/Users/schaliasos/Documents/Projects/zk-Harness/halo2_pse/target/criterion/reports/exponentiate/verify","iteration_count":[129,258,387,516,645,774,903,1032,1161,1290],"measured_values":[90003083.0,181785500.0,279600625.0,365547292.0,460382500.0,546212167.0,646277750.0,726245834.0,817399875.0,911056833.0],"unit":"ns","throughput":[],"typical":{"estimate":707436.3989731199,"lower_bound":705042.4058920429,"upper_bound":711700.4600740894,"unit":"ns"},"mean":{"estimate":708239.3327445551,"lower_bound":704304.5564760981,"upper_bound":712677.0711679125,"unit":"ns"},"median":{"estimate":705973.0405684754,"lower_bound":704048.126614987,"upper_bound":713771.3178294573,"unit":"ns"},"median_abs_dev":{"estimate":3482.9247201424837,"lower_bound":808.2138994496839,"upper_bound":11914.91468846798,"unit":"ns"},"slope":{"estimate":707436.3989731199,"lower_bound":705042.4058920429,"upper_bound":711700.4600740894,"unit":"ns"},"change":{"mean":{"estimate":-0.011263902557318684,"lower_bound":-0.017708464331726764,"upper_bound":-0.004165532141862262,"unit":"%"},"median":{"estimate":-0.012919818127573146,"lower_bound":-0.01688866679129386,"upper_bound":-0.0012034069975117578,"unit":"%"},"change":"NoChange"}}
{"reason":"group-complete","group_name":"exponentiate","benchmarks":["exponentiate/setup","exponentiate/prove","exponentiate/verify"],"report_directory":"/Users/schaliasos/Documents/Projects/zk-Harness/halo2_pse/target/criterion/reports/exponentiate"}
