{"reason":"benchmark-complete","id":"exponentiate/setup","report_directory":"/Users/schaliasos/Documents/Projects/zk-Harness/halo2_pse/target/criterion/reports/exponentiate/setup","iteration_count":[5,10,15,20,25,30,35,40,45,50],"measured_values":[109913083.0,219121833.0,329073208.0,438284834.0,550022541.0,661941125.0,766271250.0,881281375.0,985949000.0,1096714833.0],"unit":"ns","throughput":[],"typical":{"estimate":21955903.50337662,"lower_bound":21918271.250773348,"upper_bound":22007693.05059524,"unit":"ns"},"mean":{"estimate":21958263.437182542,"lower_bound":21925991.298126988,"upper_bound":21993906.678749997,"unit":"ns"},"median":{"estimate":21936255.263333336,"lower_bound":21912109.73888889,"upper_bound":22000901.64,"unit":"ns"},"median_abs_dev":{"estimate":51200.45084234691,"lower_bound":4686.737380126682,"upper_bound":95045.60625460347,"unit":"ns"},"slope":{"estimate":21955903.50337662,"lower_bound":21918271.250773348,"upper_bound":22007693.05059524,"unit":"ns"},"change":{"mean":{"estimate":0.01511682328076347,"lower_bound":0.012575870734893968,"upper_bound":0.017671580515682628,"unit":"%"},"median":{"estimate":0.014954506180729465,"lower_bound":0.013451567220434724,"upper_bound":0.019089781073604817,"unit":"%"},"change":"Regressed"}}
{"reason":"benchmark-complete","id":"exponentiate/prove","report_directory":"/Users/schaliasos/Documents/Projects/zk-Harness/halo2_pse/target/criterion/reports/exponentiate/prove","iteration_count":[7,14,21,28,35,42,49,56,63,70],"measured_values":[101301042.0,199432542.0,297300292.0,396765792.0,498366042.0,599205167.0,694279500.0,796198417.0,894676083.0,991989708.0],"unit":"ns","throughput":[],"typical":{"estimate":14199523.949907236,"lower_bound":14179928.874380166,"upper_bound":14226807.059898665,"unit":"ns"},"mean":{"estimate":14230922.95532313,"lower_bound":14186811.565714285,"upper_bound":14292993.070204083,"unit":"ns"},"median":{"estimate":14209518.270833332,"lower_bound":14170125.465306122,"upper_bound":14252909.730952382,"unit":"ns"},"median_abs_dev":{"estimate":57486.436396911005,"lower_bound":2510.6650525695745,"upper_bound":103871.52299019916,"unit":"ns"},"slope":{"estimate":14199523.949907236,"lower_bound":14179928.874380166,"upper_bound":14226807.059898665,"unit":"ns"},"change":{"mean":{"estimate":0.0035680881870752135,"lower_bound":-0.0006938228047249639,"upper_bound":0.008394711949833504,"unit":"%"},"median":{"estimate":0.0035274678953574057,"lower_bound":-0.0009502620640383652,"upper_bound":0.006882389443505055,"unit":"%"},"change":"NoChange"}}
{"reason":"benchmark-complete","id":"exponentiate/verify","report_directory":"/Users/schaliasos/Documents/Projects/zk-Harness/halo2_pse/target/criterion/reports/exponentiate/verify","iteration_count":[128,256,384,512,640,768,896,1024,1152,1280],"measured_values":[91765459.0,182126667.0,274646791.0,364227375.0,456584416.0,547814333.0,638901708.0,730341167.0,819833875.0,910005375.0],"unit":"ns","throughput":[],"typical":{"estimate":712262.1075689935,"lower_bound":711529.2929421375,"upper_bound":713268.7769932497,"unit":"ns"},"mean":{"estimate":713055.740110057,"lower_bound":712031.9620811632,"upper_bound":714208.6961011904,"unit":"ns"},"median":{"estimate":713141.8689313616,"lower_bound":711432.29296875,"upper_bound":714262.9654947916,"unit":"ns"},"median_abs_dev":{"estimate":2364.8174316163436,"lower_bound":140.36819299635124,"upper_bound":2898.2944175879325,"unit":"ns"},"slope":{"estimate":712262.1075689935,"lower_bound":711529.2929421375,"upper_bound":713268.7769932497,"unit":"ns"},"change":{"mean":{"estimate":-0.016652601662553557,"lower_bound":-0.022053582955910766,"upper_bound":-0.011396237763395236,"unit":"%"},"median":{"estimate":-0.01446558612275417,"lower_bound":-0.026819170138571158,"upper_bound":-0.009077925559718092,"unit":"%"},"change":"Improved"}}
{"reason":"group-complete","group_name":"exponentiate","benchmarks":["exponentiate/setup","exponentiate/prove","exponentiate/verify"],"report_directory":"/Users/schaliasos/Documents/Projects/zk-Harness/halo2_pse/target/criterion/reports/exponentiate"}
