{"reason":"benchmark-complete","id":"exponentiate/setup","report_directory":"/Users/schaliasos/Documents/Projects/zk-Harness/frameworks/bellman_circuits/target/criterion/reports/exponentiate/setup","iteration_count":[4,8,12,16,20,24,28,32,36,40],"measured_values":[94934084.0,190252834.0,289028375.0,388222791.0,475593958.0,570221500.0,671578083.0,771617333.0,871551166.0,958486666.0],"unit":"ns","throughput":[],"typical":{"estimate":24024368.33116883,"lower_bound":23904633.008237977,"upper_bound":24130137.780416213,"unit":"ns"},"mean":{"estimate":23967356.912390873,"lower_bound":23854132.793154765,"upper_bound":24083922.31770139,"unit":"ns"},"median":{"estimate":23973549.092857145,"lower_bound":23770416.708333336,"upper_bound":24147726.263888888,"unit":"ns"},"median_abs_dev":{"estimate":285990.5961976559,"lower_bound":17999.82621043939,"upper_bound":335542.44765730685,"unit":"ns"},"slope":{"estimate":24024368.33116883,"lower_bound":23904633.008237977,"upper_bound":24130137.780416213,"unit":"ns"},"change":{"mean":{"estimate":0.020926579601670436,"lower_bound":0.015127435309795045,"upper_bound":0.027130469125747313,"unit":"%"},"median":{"estimate":0.021992741573203745,"lower_bound":0.010695430780874426,"upper_bound":0.030000748876979122,"unit":"%"},"change":"Regressed"}}
{"reason":"benchmark-complete","id":"exponentiate/prove","report_directory":"/Users/schaliasos/Documents/Projects/zk-Harness/frameworks/bellman_circuits/target/criterion/reports/exponentiate/prove","iteration_count":[9,18,27,36,45,54,63,72,81,90],"measured_values":[93593750.0,189644875.0,294577416.0,385223792.0,475291875.0,571797375.0,662084292.0,800351208.0,863175833.0,952729958.0],"unit":"ns","throughput":[],"typical":{"estimate":10689187.972871574,"lower_bound":10571300.009700017,"upper_bound":10880342.231780024,"unit":"ns"},"mean":{"estimate":10656459.310828924,"lower_bound":10545947.643968254,"upper_bound":10790065.549162257,"unit":"ns"},"median":{"estimate":10587364.350000001,"lower_bound":10535658.07142857,"upper_bound":10783383.216049382,"unit":"ns"},"median_abs_dev":{"estimate":109132.17457733183,"lower_bound":19865.810063980032,"upper_bound":311288.4110216731,"unit":"ns"},"slope":{"estimate":10689187.972871574,"lower_bound":10571300.009700017,"upper_bound":10880342.231780024,"unit":"ns"},"change":{"mean":{"estimate":0.07685430378512437,"lower_bound":0.0650796124408943,"upper_bound":0.09070488951697898,"unit":"%"},"median":{"estimate":0.07092652930609189,"lower_bound":0.06229429367013006,"upper_bound":0.08750600816614629,"unit":"%"},"change":"Regressed"}}
{"reason":"benchmark-complete","id":"exponentiate/verify","report_directory":"/Users/schaliasos/Documents/Projects/zk-Harness/frameworks/bellman_circuits/target/criterion/reports/exponentiate/verify","iteration_count":[40,80,120,160,200,240,280,320,360,400],"measured_values":[91867709.0,183056334.0,274645167.0,367285875.0,457961792.0,550474000.0,641573291.0,733665166.0,824634417.0,915236584.0],"unit":"ns","throughput":[],"typical":{"estimate":2290787.162077922,"lower_bound":2289272.4416968627,"upper_bound":2292577.9198262,"unit":"ns"},"mean":{"estimate":2291537.3414642857,"lower_bound":2289819.708462649,"upper_bound":2293390.5975,"unit":"ns"},"median":{"estimate":2290992.1702380953,"lower_bound":2288709.725,"upper_bound":2294120.18125,"unit":"ns"},"median_abs_dev":{"estimate":3656.0482925919837,"lower_bound":624.3216134160112,"upper_bound":5216.240091768818,"unit":"ns"},"slope":{"estimate":2290787.162077922,"lower_bound":2289272.4416968627,"upper_bound":2292577.9198262,"unit":"ns"},"change":{"mean":{"estimate":0.028980635651999265,"lower_bound":0.02728665888907561,"upper_bound":0.030564359022729547,"unit":"%"},"median":{"estimate":0.029662835880478022,"lower_bound":0.025569117557219245,"upper_bound":0.03134636186812134,"unit":"%"},"change":"Regressed"}}
{"reason":"group-complete","group_name":"exponentiate","benchmarks":["exponentiate/setup","exponentiate/prove","exponentiate/verify"],"report_directory":"/Users/schaliasos/Documents/Projects/zk-Harness/frameworks/bellman_circuits/target/criterion/reports/exponentiate"}
