{"reason":"benchmark-complete","id":"exponentiate/witness","report_directory":"/Users/serious/Documents/01_Promotion/01_Projects/03_ZK_compilers/00_Other/zk-Harness-Test/frameworks/starky_circuits/target/criterion/reports/exponentiate/witness","iteration_count":[100,200,300,400,500,600,700,800,900,1000],"measured_values":[88788458.0,179518500.0,276175959.0,360502625.0,452220375.0,532507083.0,658057375.0,718802292.0,790349458.0,877114417.0],"unit":"ns","throughput":[],"typical":{"estimate":893912.1418441558,"lower_bound":881926.8668866652,"upper_bound":914957.5041561914,"unit":"ns"},"mean":{"estimate":899313.8038230159,"lower_bound":888868.5104777776,"upper_bound":911262.1190357143,"unit":"ns"},"median":{"estimate":898047.6825,"lower_bound":883025.3222222222,"upper_bound":910921.54625,"unit":"ns"},"median_abs_dev":{"estimate":15344.153601586804,"lower_bound":2716.1694830283523,"upper_bound":31446.290558050063,"unit":"ns"},"slope":{"estimate":893912.1418441558,"lower_bound":881926.8668866652,"upper_bound":914957.5041561914,"unit":"ns"},"change":{"mean":{"estimate":-0.9979445245087293,"lower_bound":-0.9979818641312669,"upper_bound":-0.997903523305212,"unit":"%"},"median":{"estimate":-0.9979702344275893,"lower_bound":-0.9980039318711529,"upper_bound":-0.9979120424993796,"unit":"%"},"change":"Improved"}}
{"reason":"benchmark-complete","id":"exponentiate/prove","report_directory":"/Users/serious/Documents/01_Promotion/01_Projects/03_ZK_compilers/00_Other/zk-Harness-Test/frameworks/starky_circuits/target/criterion/reports/exponentiate/prove","iteration_count":[3,3,3,3,3,3,3,3,3,3],"measured_values":[489420584.0,916856458.0,492100084.0,903191000.0,689825500.0,578397833.0,694778500.0,700185375.0,694695750.0,760879125.0],"unit":"ns","throughput":[],"typical":{"estimate":230677673.6333333,"lower_bound":202399327.3008333,"upper_bound":259525697.23333335,"unit":"ns"},"mean":{"estimate":230677673.6333333,"lower_bound":202399327.3008333,"upper_bound":259525697.23333335,"unit":"ns"},"median":{"estimate":231579041.6666667,"lower_bound":192799277.66666666,"upper_bound":267229395.83333334,"unit":"ns"},"median_abs_dev":{"estimate":45091126.45267249,"lower_bound":1244333.8029086443,"upper_bound":100825775.84718467,"unit":"ns"},"slope":null,"change":{"mean":{"estimate":-0.9881768122822739,"lower_bound":-0.989472396255399,"upper_bound":-0.9866298315115016,"unit":"%"},"median":{"estimate":-0.9880123924609032,"lower_bound":-0.9900667880827767,"upper_bound":-0.986742361108798,"unit":"%"},"change":"Improved"}}
{"reason":"benchmark-complete","id":"exponentiate/verify","report_directory":"/Users/serious/Documents/01_Promotion/01_Projects/03_ZK_compilers/00_Other/zk-Harness-Test/frameworks/starky_circuits/target/criterion/reports/exponentiate/verify","iteration_count":[24,48,72,96,120,144,168,192,216,240],"measured_values":[92562000.0,182972917.0,274137708.0,366566833.0,458543333.0,548762083.0,642031375.0,736206208.0,825218041.0,926249167.0],"unit":"ns","throughput":[],"typical":{"estimate":3831796.6213203464,"lower_bound":3817290.2025639443,"upper_bound":3846041.6703216373,"unit":"ns"},"mean":{"estimate":3826244.8771593915,"lower_bound":3816397.2321130955,"upper_bound":3837794.463884838,"unit":"ns"},"median":{"estimate":3820824.1675925925,"lower_bound":3811935.7708333335,"upper_bound":3839182.663690476,"unit":"ns"},"median_abs_dev":{"estimate":13984.450595337363,"lower_bound":860.970906937209,"upper_bound":28425.51092347142,"unit":"ns"},"slope":{"estimate":3831796.6213203464,"lower_bound":3817290.2025639443,"upper_bound":3846041.6703216373,"unit":"ns"},"change":{"mean":{"estimate":-0.568707460650014,"lower_bound":-0.5815564894851806,"upper_bound":-0.5571449458338362,"unit":"%"},"median":{"estimate":-0.5575867433979198,"lower_bound":-0.5831491715831416,"upper_bound":-0.5533289310348429,"unit":"%"},"change":"Improved"}}
{"reason":"group-complete","group_name":"exponentiate","benchmarks":["exponentiate/witness","exponentiate/prove","exponentiate/verify"],"report_directory":"/Users/serious/Documents/01_Promotion/01_Projects/03_ZK_compilers/00_Other/zk-Harness-Test/frameworks/starky_circuits/target/criterion/reports/exponentiate"}
