{"reason":"benchmark-complete","id":"exponentiate/witness","report_directory":"/Users/serious/Documents/01_Promotion/01_Projects/03_ZK_compilers/00_Other/zk-Harness-Test/frameworks/starky_circuits/target/criterion/reports/exponentiate/witness","iteration_count":[1731,3462,5193,6924,8655,10386,12117,13848,15579,17310],"measured_values":[91180375.0,179806458.0,268513833.0,357628333.0,446968875.0,539129166.0,643788000.0,770821167.0,840901584.0,919921917.0],"unit":"ns","throughput":[],"typical":{"estimate":53413.89070952156,"lower_bound":52370.10389029462,"upper_bound":54313.2516542976,"unit":"ns"},"mean":{"estimate":52743.61614350362,"lower_bound":52058.52693942395,"upper_bound":53565.642348834976,"unit":"ns"},"median":{"estimate":52306.06701328712,"lower_bound":51706.88099364529,"upper_bound":53553.79076228989,"unit":"ns"},"median_abs_dev":{"estimate":977.5848610239472,"lower_bound":47.46546813479334,"upper_bound":1988.1162759690421,"unit":"ns"},"slope":{"estimate":53413.89070952156,"lower_bound":52370.10389029462,"upper_bound":54313.2516542976,"unit":"ns"},"change":{"mean":{"estimate":-0.495938685251749,"lower_bound":-0.5033819228405608,"upper_bound":-0.48813492949151355,"unit":"%"},"median":{"estimate":-0.4983752083900347,"lower_bound":-0.5046166131710468,"upper_bound":-0.49023504909065396,"unit":"%"},"change":"Improved"}}
{"reason":"benchmark-complete","id":"exponentiate/prove","report_directory":"/Users/serious/Documents/01_Promotion/01_Projects/03_ZK_compilers/00_Other/zk-Harness-Test/frameworks/starky_circuits/target/criterion/reports/exponentiate/prove","iteration_count":[3,3,3,3,3,3,3,3,3,3],"measured_values":[738945625.0,592245042.0,771214250.0,735330250.0,512098833.0,739947708.0,505642625.0,795976000.0,568031917.0,786448792.0],"unit":"ns","throughput":[],"typical":{"estimate":224862701.4,"lower_bound":201227308.36666664,"upper_bound":246819856.9666667,"unit":"ns"},"mean":{"estimate":224862701.4,"lower_bound":201227308.36666664,"upper_bound":246819856.9666667,"unit":"ns"},"median":{"estimate":245712645.83333334,"lower_bound":184057312.5,"upper_bound":257071416.66666666,"unit":"ns"},"median_abs_dev":{"estimate":26723596.916261315,"lower_bound":1388588.5564476105,"upper_bound":62079951.185360536,"unit":"ns"},"slope":null,"change":{"mean":{"estimate":1.409733466907857,"lower_bound":1.1033400308703456,"upper_bound":1.744430543132637,"unit":"%"},"median":{"estimate":1.7113681754575478,"lower_bound":0.9611334929646196,"upper_bound":1.8981595168973264,"unit":"%"},"change":"Regressed"}}
{"reason":"benchmark-complete","id":"exponentiate/verify","report_directory":"/Users/serious/Documents/01_Promotion/01_Projects/03_ZK_compilers/00_Other/zk-Harness-Test/frameworks/starky_circuits/target/criterion/reports/exponentiate/verify","iteration_count":[46,92,138,184,230,276,322,368,414,460],"measured_values":[91850209.0,184348667.0,274036167.0,364080250.0,459541041.0,547069375.0,641269000.0,729967166.0,824405333.0,908521125.0],"unit":"ns","throughput":[],"typical":{"estimate":1984899.9477131565,"lower_bound":1979245.5990114245,"upper_bound":1991116.758736286,"unit":"ns"},"mean":{"estimate":1988662.8028588681,"lower_bound":1983345.4478951003,"upper_bound":1994052.5747786837,"unit":"ns"},"median":{"estimate":1988543.2777777778,"lower_bound":1981151.7201086958,"upper_bound":1996743.6739130435,"unit":"ns"},"median_abs_dev":{"estimate":10829.100904484085,"lower_bound":2693.8170054360153,"upper_bound":14961.975909915194,"unit":"ns"},"slope":{"estimate":1984899.9477131565,"lower_bound":1979245.5990114245,"upper_bound":1991116.758736286,"unit":"ns"},"change":{"mean":{"estimate":-0.1186619309743494,"lower_bound":-0.12411843727441364,"upper_bound":-0.11363249820936412,"unit":"%"},"median":{"estimate":-0.11590104533954237,"lower_bound":-0.12539592950759815,"upper_bound":-0.11113953837047408,"unit":"%"},"change":"Improved"}}
{"reason":"group-complete","group_name":"exponentiate","benchmarks":["exponentiate/witness","exponentiate/prove","exponentiate/verify"],"report_directory":"/Users/serious/Documents/01_Promotion/01_Projects/03_ZK_compilers/00_Other/zk-Harness-Test/frameworks/starky_circuits/target/criterion/reports/exponentiate"}
