{"reason":"benchmark-complete","id":"exponentiate/witness","report_directory":"/Users/serious/Documents/01_Promotion/01_Projects/03_ZK_compilers/00_Other/zk-Harness-Test/frameworks/starky_circuits/target/criterion/reports/exponentiate/witness","iteration_count":[434,868,1302,1736,2170,2604,3038,3472,3906,4340],"measured_values":[93128750.0,185363750.0,276447792.0,368524542.0,460169917.0,552487667.0,647188833.0,736838708.0,829188333.0,922106041.0],"unit":"ns","throughput":[],"typical":{"estimate":212411.6361421988,"lower_bound":212236.74125034435,"upper_bound":212643.54020749335,"unit":"ns"},"mean":{"estimate":212697.99836515248,"lower_bound":212286.96095347815,"upper_bound":213220.2263539609,"unit":"ns"},"median":{"estimate":212305.64631336406,"lower_bound":212223.1301843318,"upper_bound":213031.21560236998,"unit":"ns"},"median_abs_dev":{"estimate":220.8976031750583,"lower_bound":32.50446716488453,"upper_bound":1105.1538356791168,"unit":"ns"},"slope":{"estimate":212411.6361421988,"lower_bound":212236.74125034435,"upper_bound":212643.54020749335,"unit":"ns"},"change":{"mean":{"estimate":-0.49168610370297594,"lower_bound":-0.49469193779932485,"upper_bound":-0.48855660965246533,"unit":"%"},"median":{"estimate":-0.49126845725032053,"lower_bound":-0.49626359979597734,"upper_bound":-0.48890502674787284,"unit":"%"},"change":"Improved"}}
{"reason":"benchmark-complete","id":"exponentiate/prove","report_directory":"/Users/serious/Documents/01_Promotion/01_Projects/03_ZK_compilers/00_Other/zk-Harness-Test/frameworks/starky_circuits/target/criterion/reports/exponentiate/prove","iteration_count":[3,6,9,12,15,18,21,24,27,30],"measured_values":[126693417.0,257498709.0,369537459.0,498832750.0,624813334.0,669450416.0,881649416.0,921981625.0,1115372209.0,1267811042.0],"unit":"ns","throughput":[],"typical":{"estimate":40822738.174025975,"lower_bound":39243715.79307758,"upper_bound":41960149.40711974,"unit":"ns"},"mean":{"estimate":41059227.24914022,"lower_bound":39909370.571339294,"upper_bound":41998586.69052909,"unit":"ns"},"median":{"estimate":41611809.05,"lower_bound":39862991.42824074,"upper_bound":42231139.0,"unit":"ns"},"median_abs_dev":{"estimate":868374.6189832706,"lower_bound":205386.45937366507,"upper_bound":2400567.4814739088,"unit":"ns"},"slope":{"estimate":40822738.174025975,"lower_bound":39243715.79307758,"upper_bound":41960149.40711974,"unit":"ns"},"change":{"mean":{"estimate":-0.8040050160216111,"lower_bound":-0.8545295751235692,"upper_bound":-0.7045258813022629,"unit":"%"},"median":{"estimate":-0.6983728517185162,"lower_bound":-0.8793663067412094,"upper_bound":-0.6840393017124708,"unit":"%"},"change":"Improved"}}
{"reason":"benchmark-complete","id":"exponentiate/verify","report_directory":"/Users/serious/Documents/01_Promotion/01_Projects/03_ZK_compilers/00_Other/zk-Harness-Test/frameworks/starky_circuits/target/criterion/reports/exponentiate/verify","iteration_count":[36,72,108,144,180,216,252,288,324,360],"measured_values":[93266583.0,184270625.0,276553709.0,369869958.0,462328875.0,556708375.0,645660958.0,737637417.0,830088584.0,923248375.0],"unit":"ns","throughput":[],"typical":{"estimate":2564707.8257575757,"lower_bound":2562348.9139059414,"upper_bound":2568903.217718742,"unit":"ns"},"mean":{"estimate":2567509.216837522,"lower_bound":2562558.589754189,"upper_bound":2573809.7382571376,"unit":"ns"},"median":{"estimate":2563362.7390873013,"lower_bound":2561241.03125,"upper_bound":2572923.6689814813,"unit":"ns"},"median_abs_dev":{"estimate":4988.023267000152,"lower_bound":671.3416391232057,"upper_bound":13064.98670693929,"unit":"ns"},"slope":{"estimate":2564707.8257575757,"lower_bound":2562348.9139059414,"upper_bound":2568903.217718742,"unit":"ns"},"change":{"mean":{"estimate":-0.14304865975248904,"lower_bound":-0.14733513216174784,"upper_bound":-0.13923313293737133,"unit":"%"},"median":{"estimate":-0.14271886910845133,"lower_bound":-0.14852848840225585,"upper_bound":-0.13806746685136106,"unit":"%"},"change":"Improved"}}
{"reason":"group-complete","group_name":"exponentiate","benchmarks":["exponentiate/witness","exponentiate/prove","exponentiate/verify"],"report_directory":"/Users/serious/Documents/01_Promotion/01_Projects/03_ZK_compilers/00_Other/zk-Harness-Test/frameworks/starky_circuits/target/criterion/reports/exponentiate"}
