{"reason":"benchmark-complete","id":"benching_sha256_setup_time","report_directory":"/Users/serious/Documents/01_Promotion/01_Projects/03_ZK_compilers/zk-Harness/bellman_circuits/target/criterion/reports/benching_sha256_setup_time","iteration_count":[1,1,1,1,1,1,1,1,1,1,1,1,1,1,1,1,1,1,1,1,1,1,1,1,1,1,1,1,1,1,1,1,1,1,1,1,1,1,1,1,1,1,1,1,1,1,1,1,1,1,1,1,1,1,1,1,1,1,1,1,1,1,1,1,1,1,1,1,1,1,1,1,1,1,1,1,1,1,1,1,1,1,1,1,1,1,1,1,1,1,1,1,1,1,1,1,1,1,1,1],"measured_values":[8689171125.0,8691527666.0,8611713500.0,8635672167.0,8781838167.0,8699657875.0,8672689167.0,8595313875.0,8679947833.0,8759306084.0,8767696250.0,8756677750.0,8852176625.0,8720995875.0,8788297291.0,8757022750.0,8801156125.0,8896119541.0,8973346250.0,9258644791.0,9241176458.0,9395211375.0,9522326042.0,9850312417.0,9899225667.0,10166103208.0,10021046125.0,10172029083.0,10159802917.0,10392297084.0,10185520750.0,10205780708.0,10253318000.0,10032128667.0,10130487875.0,10211832708.0,10130571875.0,10077529958.0,9968971125.0,9954147709.0,10081047583.0,9947409875.0,9930135666.0,10044527500.0,10121614625.0,9973339375.0,9964620375.0,9904949667.0,10517111791.0,11020476500.0,10018182750.0,9947842500.0,9988095250.0,9919959917.0,9722902167.0,10188059416.0,10339632125.0,9973656167.0,10152467042.0,10537733459.0,10356658750.0,10084602542.0,10039789834.0,10139553250.0,10193931542.0,10303291417.0,10215990833.0,10158345417.0,10377964042.0,9965068416.0,9977200958.0,10005213917.0,10117228208.0,10005836458.0,10023334500.0,10081793583.0,10051335709.0,11378755833.0,10313020250.0,10431937916.0,10313646292.0,10041239542.0,10093958500.0,10218030584.0,10162325542.0,10093734208.0,10004821125.0,10026260666.0,10188016583.0,11011734083.0,11069305416.0,10917597209.0,10558623375.0,10368000291.0,10290900500.0,10456199417.0,10340479166.0,10427628209.0,11297976125.0,10239244791.0],"unit":"ns","throughput":[],"typical":{"estimate":9899931292.07,"lower_bound":9769729052.4,"upper_bound":10024768817.5335,"unit":"ns"},"mean":{"estimate":9899931292.07,"lower_bound":9769729052.4,"upper_bound":10024768817.5335,"unit":"ns"},"median":{"estimate":10047931604.5,"lower_bound":10005213917.0,"upper_bound":10130487875.0,"unit":"ns"},"median_abs_dev":{"estimate":250676675.1399994,"lower_bound":186008784.41978395,"upper_bound":453072297.5534588,"unit":"ns"},"slope":null,"change":{"mean":{"estimate":7817.633519385179,"lower_bound":7701.460728935129,"upper_bound":7929.970174367039,"unit":"%"},"median":{"estimate":8012.838310320498,"lower_bound":7972.726781197971,"upper_bound":8069.721502633864,"unit":"%"},"change":"Regressed"}}
{"reason":"group-complete","group_name":"benching_sha256_setup_time","benchmarks":["benching_sha256_setup_time"],"report_directory":"/Users/serious/Documents/01_Promotion/01_Projects/03_ZK_compilers/zk-Harness/bellman_circuits/target/criterion/reports/benching_sha256_setup_time"}
{"reason":"benchmark-complete","id":"benching_sha256_prover_time","report_directory":"/Users/serious/Documents/01_Promotion/01_Projects/03_ZK_compilers/zk-Harness/bellman_circuits/target/criterion/reports/benching_sha256_prover_time","iteration_count":[1,1,1,1,1,1,1,1,1,1,1,1,1,1,1,1,1,1,1,1,1,1,1,1,1,1,1,1,1,1,1,1,1,1,1,1,1,1,1,1,1,1,1,1,1,1,1,1,1,1,1,1,1,1,1,1,1,1,1,1,1,1,1,1,1,1,1,1,1,1,1,1,1,1,1,1,1,1,1,1,1,1,1,1,1,1,1,1,1,1,1,1,1,1,1,1,1,1,1,1],"measured_values":[904711333.0,888703541.0,886691000.0,897872834.0,890754792.0,905621250.0,892565250.0,891779000.0,893575333.0,890572750.0,893131916.0,897983959.0,888967625.0,905342334.0,907545708.0,898395625.0,905028584.0,900197459.0,902742833.0,922205667.0,935563917.0,895729708.0,906001709.0,913659958.0,943977458.0,886145459.0,934363375.0,1004358791.0,928440916.0,922254083.0,936055958.0,920393541.0,954867917.0,918932750.0,995402750.0,916877917.0,912046375.0,914759958.0,936283416.0,931668667.0,934308541.0,930045375.0,931045375.0,931698709.0,935654209.0,928202708.0,930952833.0,943293583.0,936864167.0,936502542.0,931336292.0,926342833.0,929903334.0,927960625.0,920267375.0,915795708.0,907568500.0,913698667.0,910200083.0,907789959.0,932288208.0,915212459.0,962752542.0,942220375.0,910911041.0,905569708.0,911253500.0,905774708.0,917244542.0,907567750.0,926515625.0,908522666.0,907734416.0,955894083.0,1064716334.0,937489541.0,909258667.0,936966583.0,935107750.0,932417666.0,926934709.0,924107792.0,919974208.0,922941042.0,916891250.0,914920875.0,920628584.0,912875209.0,915438791.0,917923542.0,934230041.0,925499167.0,928542208.0,906088042.0,913864959.0,917833084.0,909356250.0,921604250.0,911975750.0,903401625.0],"unit":"ns","throughput":[],"typical":{"estimate":920920543.76,"lower_bound":916435029.32375,"upper_bound":925966484.9035,"unit":"ns"},"mean":{"estimate":920920543.76,"lower_bound":916435029.32375,"upper_bound":925966484.9035,"unit":"ns"},"median":{"estimate":917538813.0,"lower_bound":913698667.0,"upper_bound":922597562.5,"unit":"ns"},"median_abs_dev":{"estimate":17913947.101163864,"lower_bound":14041983.079504967,"upper_bound":21638834.351428885,"unit":"ns"},"slope":null,"change":{"mean":{"estimate":0.03709137607111912,"lower_bound":0.030589586723072115,"upper_bound":0.04389916753693805,"unit":"%"},"median":{"estimate":0.03524403248582231,"lower_bound":0.030168014442088786,"upper_bound":0.04263287754619216,"unit":"%"},"change":"Regressed"}}
{"reason":"group-complete","group_name":"benching_sha256_prover_time","benchmarks":["benching_sha256_prover_time"],"report_directory":"/Users/serious/Documents/01_Promotion/01_Projects/03_ZK_compilers/zk-Harness/bellman_circuits/target/criterion/reports/benching_sha256_prover_time"}
{"reason":"benchmark-complete","id":"benching_sha256_verifier_time","report_directory":"/Users/serious/Documents/01_Promotion/01_Projects/03_ZK_compilers/zk-Harness/bellman_circuits/target/criterion/reports/benching_sha256_verifier_time","iteration_count":[24,24,24,24,24,24,24,24,24,24,24,24,24,24,24,24,24,24,24,24,24,24,24,24,24,24,24,24,24,24,24,24,24,24,24,24,24,24,24,24,24,24,24,24,24,24,24,24,24,24,24,24,24,24,24,24,24,24,24,24,24,24,24,24,24,24,24,24,24,24,24,24,24,24,24,24,24,24,24,24,24,24,24,24,24,24,24,24,24,24,24,24,24,24,24,24,24,24,24,24],"measured_values":[62106125.0,63707875.0,62721917.0,62666875.0,62699250.0,62545875.0,62994625.0,62312333.0,63598541.0,62500375.0,63906875.0,63245334.0,64439875.0,63435417.0,63410125.0,63897750.0,62386208.0,65840000.0,63246417.0,63398917.0,63372333.0,63130042.0,62248917.0,62980834.0,62589167.0,62764167.0,62360500.0,61867625.0,61434209.0,61422542.0,62857417.0,61844208.0,61928375.0,61959042.0,62796834.0,62302041.0,63560417.0,64156000.0,64312916.0,62168042.0,62856875.0,61957208.0,61999292.0,62132542.0,62030583.0,63326500.0,62169459.0,60765958.0,62282083.0,62369125.0,63016083.0,61995667.0,63177125.0,62500750.0,62742333.0,62939709.0,63538667.0,61922416.0,62423042.0,62767750.0,62896000.0,62732917.0,62301459.0,63013667.0,62396542.0,62818958.0,62740708.0,62348375.0,63516625.0,63291459.0,63003167.0,63315333.0,62511583.0,62859125.0,62156584.0,63584208.0,63043417.0,61647458.0,62088292.0,63029792.0,63161792.0,62439625.0,62726750.0,62733542.0,63490875.0,62358584.0,63771875.0,62506041.0,62555916.0,63206833.0,62871084.0,62851667.0,62978250.0,63058583.0,62864542.0,62421375.0,62737125.0,62854083.0,60852292.0,62057333.0],"unit":"ns","throughput":[],"typical":{"estimate":2614926.3916666666,"lower_bound":2609043.6794895846,"upper_bound":2620930.8562500007,"unit":"ns"},"mean":{"estimate":2614926.3916666666,"lower_bound":2609043.6794895846,"upper_bound":2620930.8562500007,"unit":"ns"},"median":{"estimate":2614230.020833333,"lower_bound":2606496.5,"upper_bound":2619207.4791666665,"unit":"ns"},"median_abs_dev":{"estimate":26711.262425780296,"lower_bound":20429.356609806673,"upper_bound":33989.09859657311,"unit":"ns"},"slope":null,"change":{"mean":{"estimate":0.019752880767964776,"lower_bound":0.016086398703941417,"upper_bound":0.02359278774851684,"unit":"%"},"median":{"estimate":0.016790423819430744,"lower_bound":0.013707385697462104,