{"reason":"benchmark-complete","id":"exponentiate/witness","report_directory":"/Users/serious/Documents/01_Promotion/01_Projects/03_ZK_compilers/zk-Harness/starky_circuits/target/criterion/reports/exponentiate/witness","iteration_count":[859,1718,2577,3436,4295,5154,6013,6872,7731,8590],"measured_values":[91007250.0,180586208.0,270293250.0,360023625.0,450264167.0,540934667.0,631543916.0,721098333.0,813367166.0,902489625.0],"unit":"ns","throughput":[],"typical":{"estimate":105029.64054548478,"lower_bound":104921.7945944165,"upper_bound":105112.63949717778,"unit":"ns"},"mean":{"estimate":105074.92020866825,"lower_bound":104919.41949401295,"upper_bound":105295.98308368903,"unit":"ns"},"median":{"estimate":104992.04730029381,"lower_bound":104883.65833818393,"upper_bound":105135.67640020695,"unit":"ns"},"median_abs_dev":{"estimate":168.58663286263393,"lower_bound":50.076870880461044,"upper_bound":317.7694197465142,"unit":"ns"},"slope":{"estimate":105029.64054548478,"lower_bound":104921.7945944165,"upper_bound":105112.63949717778,"unit":"ns"},"change":{"mean":{"estimate":-0.9759427602969116,"lower_bound":-0.9760464251203871,"upper_bound":-0.9758288754456151,"unit":"%"},"median":{"estimate":-0.9760064786256893,"lower_bound":-0.9761192071637406,"upper_bound":-0.9757776927274268,"unit":"%"},"change":"Improved"}}
{"reason":"benchmark-complete","id":"exponentiate/prove","report_directory":"/Users/serious/Documents/01_Promotion/01_Projects/03_ZK_compilers/zk-Harness/starky_circuits/target/criterion/reports/exponentiate/prove","iteration_count":[1,2,3,4,5,6,7,8,9,10],"measured_values":[99226667.0,183433625.0,294887083.0,317530500.0,483002041.0,558368000.0,637202083.0,686318333.0,831551125.0,1210194417.0],"unit":"ns","throughput":[],"typical":{"estimate":98501197.17142858,"lower_bound":88374956.4589041,"upper_bound":110481821.55153042,"unit":"ns"},"mean":{"estimate":94851621.21361111,"lower_bound":89132030.22370833,"upper_bound":101784692.8425,"unit":"ns"},"median":{"estimate":92727951.3888889,"lower_bound":88753302.0625,"upper_bound":98295694.33333333,"unit":"ns"},"median_abs_dev":{"estimate":6998019.954553633,"lower_bound":996693.2760551645,"upper_bound":14395386.780209966,"unit":"ns"},"slope":{"estimate":98501197.17142858,"lower_bound":88374956.4589041,"upper_bound":110481821.55153042,"unit":"ns"},"change":{"mean":{"estimate":-0.6669014891536831,"lower_bound":-0.6905908175570158,"upper_bound":-0.640830498315944,"unit":"%"},"median":{"estimate":-0.6705615325501708,"lower_bound":-0.6827965838303877,"upper_bound":-0.6486964836608371,"unit":"%"},"change":"Improved"}}
{"reason":"benchmark-complete","id":"exponentiate/verify","report_directory":"/Users/serious/Documents/01_Promotion/01_Projects/03_ZK_compilers/zk-Harness/starky_circuits/target/criterion/reports/exponentiate/verify","iteration_count":[41,82,123,164,205,246,287,328,369,410],"measured_values":[92602750.0,183488083.0,275133458.0,366358250.0,457787416.0,549813667.0,640819708.0,733995125.0,830720541.0,921322333.0],"unit":"ns","throughput":[],"typical":{"estimate":2241725.5956287617,"lower_bound":2234532.2245900272,"upper_bound":2246601.0055405963,"unit":"ns"},"mean":{"estimate":2240415.0728368172,"lower_bound":2235665.542125435,"upper_bound":2245999.9512195126,"unit":"ns"},"median":{"estimate":2237258.465447155,"lower_bound":2233891.7682926827,"upper_bound":2247127.6414634148,"unit":"ns"},"median_abs_dev":{"estimate":5571.474494745886,"lower_bound":691.3609270549338,"upper_bound":13939.773191788076,"unit":"ns"},"slope":{"estimate":2241725.5956287617,"lower_bound":2234532.2245900272,"upper_bound":2246601.0055405963,"unit":"ns"},"change":{"mean":{"estimate":-0.5136661347473505,"lower_bound":-0.5162321513953271,"upper_bound":-0.5110299303988037,"unit":"%"},"median":{"estimate":-0.5129406617358945,"lower_bound":-0.5188813043353225,"upper_bound":-0.5100550573085098,"unit":"%"},"change":"Improved"}}
{"reason":"group-complete","group_name":"exponentiate","benchmarks":["exponentiate/proof","exponentiate/setup","exponentiate/witness","exponentiate/prove","exponentiate/verify"],"report_directory":"/Users/serious/Documents/01_Promotion/01_Projects/03_ZK_compilers/zk-Harness/starky_circuits/target/criterion/reports/exponentiate"}
