{"reason":"benchmark-complete","id":"mimc/setup","report_directory":"/Users/serious/Documents/01_Promotion/01_Projects/03_ZK_compilers/zk-Harness/bellman_ce_circuits/target/criterion/reports/mimc/setup","iteration_count":[2,4,6,8,10,12,14,16,18,20],"measured_values":[96158000.0,188683542.0,278523708.0,375375667.0,469506042.0,563416959.0,662776375.0,763618458.0,853354083.0,927878917.0],"unit":"ns","throughput":[],"typical":{"estimate":47072713.04675325,"lower_bound":46653563.37678136,"upper_bound":47454648.63647343,"unit":"ns"},"mean":{"estimate":47136430.860952385,"lower_bound":46834735.686500005,"upper_bound":47449047.00107143,"unit":"ns"},"median":{"estimate":47061149.375,"lower_bound":46685611.1,"upper_bound":47448519.5625,"unit":"ns"},"median_abs_dev":{"estimate":465114.6361675619,"lower_bound":22434.647204203186,"upper_bound":967793.54163073,"unit":"ns"},"slope":{"estimate":47072713.04675325,"lower_bound":46653563.37678136,"upper_bound":47454648.63647343,"unit":"ns"},"change":{"mean":{"estimate":0.05748696306859502,"lower_bound":0.03159156464463247,"upper_bound":0.0756669519222655,"unit":"%"},"median":{"estimate":0.06871185132081203,"lower_bound":0.057429165748408284,"upper_bound":0.07938276000979494,"unit":"%"},"change":"Regressed"}}
{"reason":"benchmark-complete","id":"mimc/prove","report_directory":"/Users/serious/Documents/01_Promotion/01_Projects/03_ZK_compilers/zk-Harness/bellman_ce_circuits/target/criterion/reports/mimc/prove","iteration_count":[7,14,21,28,35,42,49,56,63,70],"measured_values":[107113708.0,208706791.0,306544375.0,400439334.0,497089417.0,607012584.0,694004542.0,792065375.0,892335209.0,990741625.0],"unit":"ns","throughput":[],"typical":{"estimate":14213888.03896104,"lower_bound":14167942.4265935,"upper_bound":14324303.917006802,"unit":"ns"},"mean":{"estimate":14438846.280912701,"lower_bound":14233119.25730159,"upper_bound":14693162.629166668,"unit":"ns"},"median":{"estimate":14251979.778571429,"lower_bound":14158751.361111112,"upper_bound":14680154.25,"unit":"ns"},"median_abs_dev":{"estimate":153066.0066800352,"lower_bound":8370.824168056497,"upper_bound":584634.1771206674,"unit":"ns"},"slope":{"estimate":14213888.03896104,"lower_bound":14167942.4265935,"upper_bound":14324303.917006802,"unit":"ns"},"change":{"mean":{"estimate":0.01397533674402962,"lower_bound":-0.0025130300016965473,"upper_bound":0.03479381903708129,"unit":"%"},"median":{"estimate":0.007379985053247662,"lower_bound":-0.010492823570706022,"upper_bound":0.03439672651548609,"unit":"%"},"change":"NoChange"}}
{"reason":"benchmark-complete","id":"mimc/verify","report_directory":"/Users/serious/Documents/01_Promotion/01_Projects/03_ZK_compilers/zk-Harness/bellman_ce_circuits/target/criterion/reports/mimc/verify","iteration_count":[54587902,109175804,163763706,218351608,272939510,327527412,382115314,436703216,491291118,545879020],"measured_values":[93652959.0,184470375.0,276104125.0,365878292.0,464770667.0,553889250.0,640867666.0,730115417.0,820637250.0,911931959.0],"unit":"ns","throughput":[],"typical":{"estimate":1.6764886806823025,"lower_bound":1.6720736730140333,"upper_bound":1.6858650153372874,"unit":"ns"},"mean":{"estimate":1.6850867425520142,"lower_bound":1.6768487976281092,"upper_bound":1.694523661205526,"unit":"ns"},"median":{"estimate":1.6815743536692347,"lower_bound":1.6718801012905753,"upper_bound":1.6962487484864321,"unit":"ns"},"median_abs_dev":{"estimate":0.014265010513004606,"lower_bound":0.001273657617362836,"upper_bound":0.025585004166945757,"unit":"ns"},"slope":{"estimate":1.6764886806823025,"lower_bound":1.6720736730140333,"upper_bound":1.6858650153372874,"unit":"ns"},"change":{"mean":{"estimate":0.01236285884557664,"lower_bound":0.006416127575110347,"upper_bound":0.017986634732429785,"unit":"%"},"median":{"estimate":0.011047033544992813,"lower_bound":0.004498316228223498,"upper_bound":0.019578015496542145,"unit":"%"},"change":"NoChange"}}
{"reason":"group-complete","group_name":"mimc","benchmarks":["mimc/setup","mimc/prove","mimc/verify"],"report_directory":"/Users/serious/Documents/01_Promotion/01_Projects/03_ZK_compilers/zk-Harness/bellman_ce_circuits/target/criterion/reports/mimc"}
