{"reason":"benchmark-complete","id":"mimc/setup","report_directory":"/Users/serious/Documents/01_Promotion/01_Projects/03_ZK_compilers/zk-Harness/bellman_ce_circuits/target/criterion/reports/mimc/setup","iteration_count":[3,6,9,12,15,18,21,24,27,30],"measured_values":[131685708.0,294199875.0,395579208.0,525265625.0,657632125.0,794115833.0,932407042.0,1072449625.0,1192050333.0,1316721000.0],"unit":"ns","throughput":[],"typical":{"estimate":44210260.16969697,"lower_bound":43983119.66359164,"upper_bound":44528268.24652953,"unit":"ns"},"mean":{"estimate":44574006.590277776,"lower_bound":43953384.73611111,"upper_bound":45623815.01805556,"unit":"ns"},"median":{"estimate":44035395.80555555,"lower_bound":43868688.83333333,"upper_bound":44417706.6875,"unit":"ns"},"median_abs_dev":{"estimate":250522.28936900388,"lower_bound":42721.365341551515,"upper_bound":677003.79579328,"unit":"ns"},"slope":{"estimate":44210260.16969697,"lower_bound":43983119.66359164,"upper_bound":44528268.24652953,"unit":"ns"},"change":{"mean":{"estimate":0.008993152293710782,"lower_bound":-0.005781537112365145,"upper_bound":0.03470871872408568,"unit":"%"},"median":{"estimate":-0.0042301514780761496,"lower_bound":-0.011292040393467873,"upper_bound":0.008422659454143666,"unit":"%"},"change":"NoChange"}}
{"reason":"benchmark-complete","id":"mimc/prove","report_directory":"/Users/serious/Documents/01_Promotion/01_Projects/03_ZK_compilers/zk-Harness/bellman_ce_circuits/target/criterion/reports/mimc/prove","iteration_count":[7,14,21,28,35,42,49,56,63,70],"measured_values":[100490333.0,197544375.0,297146416.0,396068750.0,493918125.0,591538458.0,700554333.0,803631250.0,889376875.0,1027341500.0],"unit":"ns","throughput":[],"typical":{"estimate":14323136.144712431,"lower_bound":14123831.782168094,"upper_bound":14510112.21009981,"unit":"ns"},"mean":{"estimate":14239839.725566894,"lower_bound":14143245.72142857,"upper_bound":14359862.630986394,"unit":"ns"},"median":{"estimate":14147570.916666668,"lower_bound":14111946.42857143,"upper_bound":14350558.035714285,"unit":"ns"},"median_abs_dev":{"estimate":74560.1997762937,"lower_bound":6237.804055923726,"upper_bound":305315.55437956325,"unit":"ns"},"slope":{"estimate":14323136.144712431,"lower_bound":14123831.782168094,"upper_bound":14510112.21009981,"unit":"ns"},"change":{"mean":{"estimate":0.006431035122212547,"lower_bound":-0.0009516982631025478,"upper_bound":0.016166483401622227,"unit":"%"},"median":{"estimate":0.0004059175130595172,"lower_bound":-0.0035206464289980755,"upper_bound":0.015016178761578125,"unit":"%"},"change":"NoChange"}}
{"reason":"benchmark-complete","id":"mimc/verify","report_directory":"/Users/serious/Documents/01_Promotion/01_Projects/03_ZK_compilers/zk-Harness/bellman_ce_circuits/target/criterion/reports/mimc/verify","iteration_count":[54527025,109054050,163581075,218108100,272635125,327162150,381689175,436216200,490743225,545270250],"measured_values":[90722958.0,183434125.0,270491708.0,361722333.0,452912875.0,543095375.0,636378625.0,726286833.0,815902542.0,911211500.0],"unit":"ns","throughput":[],"typical":{"estimate":1.665290050637764,"lower_bound":1.6615498505039403,"upper_bound":1.6684497162764902,"unit":"ns"},"mean":{"estimate":1.664508656978548,"lower_bound":1.660301392772666,"upper_bound":1.6694368673476265,"unit":"ns"},"median":{"estimate":1.6632009173432807,"lower_bound":1.6598481051368563,"upper_bound":1.6680444616683197,"unit":"ns"},"median_abs_dev":{"estimate":0.005374633973650614,"lower_bound":0.0017675813369864585,"upper_bound":0.011880355991120856,"unit":"ns"},"slope":{"estimate":1.665290050637764,"lower_bound":1.6615498505039403,"upper_bound":1.6684497162764902,"unit":"ns"},"change":{"mean":{"estimate":0.00242667110274164,"lower_bound":-0.0010290666539146843,"upper_bound":0.006168265215965806,"unit":"%"},"median":{"estimate":0.0037228130883240063,"lower_bound":-0.001434825275461571,"upper_bound":0.006428378298924287,"unit":"%"},"change":"NoChange"}}
{"reason":"group-complete","group_name":"mimc","benchmarks":["mimc/setup","mimc/prove","mimc/verify"],"report_directory":"/Users/serious/Documents/01_Promotion/01_Projects/03_ZK_compilers/zk-Harness/bellman_ce_circuits/target/criterion/reports/mimc"}
