{"reason":"benchmark-complete","id":"exponentiate/setup","report_directory":"/Users/schaliasos/Documents/Projects/zk-Harness/frameworks/bellman_circuits/target/criterion/reports/exponentiate/setup","iteration_count":[4,8,12,16,20,24,28,32,36,40],"measured_values":[91154917.0,190140708.0,273805416.0,374008500.0,463327709.0,554355041.0,654147417.0,746759833.0,839972458.0,929762708.0],"unit":"ns","throughput":[],"typical":{"estimate":23274120.23181818,"lower_bound":23197512.42087156,"upper_bound":23331646.473880596,"unit":"ns"},"mean":{"estimate":23228876.76673611,"lower_bound":23065779.097222224,"upper_bound":23396461.32590278,"unit":"ns"},"median":{"estimate":23288317.98888889,"lower_bound":23030592.85,"upper_bound":23362407.75,"unit":"ns"},"median_abs_dev":{"estimate":155039.77878749426,"lower_bound":22120.000365626052,"upper_bound":496272.0173519114,"unit":"ns"},"slope":{"estimate":23274120.23181818,"lower_bound":23197512.42087156,"upper_bound":23331646.473880596,"unit":"ns"},"change":{"mean":{"estimate":0.001202242686084265,"lower_bound":-0.0065226428008728346,"upper_bound":0.009731358442153745,"unit":"%"},"median":{"estimate":0.0033733461531024744,"lower_bound":-0.008907184255394829,"upper_bound":0.007898267016047233,"unit":"%"},"change":"NoChange"}}
{"reason":"benchmark-complete","id":"exponentiate/prove","report_directory":"/Users/schaliasos/Documents/Projects/zk-Harness/frameworks/bellman_circuits/target/criterion/reports/exponentiate/prove","iteration_count":[9,18,27,36,45,54,63,72,81,90],"measured_values":[90796208.0,178596792.0,264651167.0,363746417.0,443736750.0,537984208.0,621634416.0,710632625.0,788683583.0,890631500.0],"unit":"ns","throughput":[],"typical":{"estimate":9865652.847907647,"lower_bound":9803335.798222221,"upper_bound":9929049.47444765,"unit":"ns"},"mean":{"estimate":9910981.138910934,"lower_bound":9846050.547222223,"upper_bound":9980522.422089946,"unit":"ns"},"median":{"estimate":9882901.5625,"lower_bound":9834554.013227513,"upper_bound":10005255.777777778,"unit":"ns"},"median_abs_dev":{"estimate":88149.01445032004,"lower_bound":8721.779703491295,"upper_bound":212436.17675072607,"unit":"ns"},"slope":{"estimate":9865652.847907647,"lower_bound":9803335.798222221,"upper_bound":9929049.47444765,"unit":"ns"},"change":{"mean":{"estimate":0.005214968904092565,"lower_bound":-0.003755467396324853,"upper_bound":0.014334636077734584,"unit":"%"},"median":{"estimate":0.0041068437665283675,"lower_bound":-0.003196163379625694,"upper_bound":0.015892698612317124,"unit":"%"},"change":"NoChange"}}
{"reason":"benchmark-complete","id":"exponentiate/verify","report_directory":"/Users/schaliasos/Documents/Projects/zk-Harness/frameworks/bellman_circuits/target/criterion/reports/exponentiate/verify","iteration_count":[41,82,123,164,205,246,287,328,369,410],"measured_values":[91547291.0,182245791.0,274239625.0,374878750.0,455791208.0,547997833.0,638649458.0,729274291.0,821561042.0,915686166.0],"unit":"ns","throughput":[],"typical":{"estimate":2230020.105036427,"lower_bound":2224978.357997905,"upper_bound":2238024.177474403,"unit":"ns"},"mean":{"estimate":2233030.234522842,"lower_bound":2225424.033258154,"upper_bound":2245542.7284010835,"unit":"ns"},"median":{"estimate":2227043.0779132787,"lower_bound":2223397.2286585364,"upper_bound":2232860.7560975607,"unit":"ns"},"median_abs_dev":{"estimate":5424.226050427689,"lower_bound":771.1544877728743,"upper_bound":10225.891618758918,"unit":"ns"},"slope":{"estimate":2230020.105036427,"lower_bound":2224978.357997905,"upper_bound":2238024.177474403,"unit":"ns"},"change":{"mean":{"estimate":755400.0418021786,"lower_bound":739680.1099024431,"upper_bound":775385.3614094282,"unit":"%"},"median":{"estimate":745717.5507149994,"lower_bound":731443.2921324067,"upper_bound":768204.826477504,"unit":"%"},"change":"Regressed"}}
{"reason":"group-complete","group_name":"exponentiate","benchmarks":["exponentiate/setup","exponentiate/prove","exponentiate/verify"],"report_directory":"/Users/schaliasos/Documents/Projects/zk-Harness/frameworks/bellman_circuits/target/criterion/reports/exponentiate"}
