{"reason":"benchmark-complete","id":"exponentiate/setup","report_directory":"/Users/schaliasos/Documents/Projects/zk-Harness/frameworks/halo2_pse/target/criterion/reports/exponentiate/setup","iteration_count":[4,8,12,16,20,24,28,32,36,40],"measured_values":[101667959.0,201554917.0,298147583.0,400661166.0,499864792.0,597449041.0,702092333.0,798594917.0,903245625.0,996004833.0],"unit":"ns","throughput":[],"typical":{"estimate":24986070.151948053,"lower_bound":24924409.91803613,"upper_bound":25057064.76284585,"unit":"ns"},"mean":{"estimate":25040635.321815476,"lower_bound":24950357.26702381,"upper_bound":25147890.17309524,"unit":"ns"},"median":{"estimate":25017281.2375,"lower_bound":24900120.825,"upper_bound":25134545.401785716,"unit":"ns"},"median_abs_dev":{"estimate":140873.25805150028,"lower_bound":36200.18024481833,"upper_bound":254487.27854944693,"unit":"ns"},"slope":{"estimate":24986070.151948053,"lower_bound":24924409.91803613,"upper_bound":25057064.76284585,"unit":"ns"},"change":{"mean":{"estimate":1.1408006569622882,"lower_bound":1.1199371465496504,"upper_bound":1.1618407950695202,"unit":"%"},"median":{"estimate":1.1422214457522863,"lower_bound":1.1205226549256002,"upper_bound":1.1631813195106258,"unit":"%"},"change":"Regressed"}}
{"reason":"benchmark-complete","id":"exponentiate/prove","report_directory":"/Users/schaliasos/Documents/Projects/zk-Harness/frameworks/halo2_pse/target/criterion/reports/exponentiate/prove","iteration_count":[3,6,9,12,15,18,21,24,27,30],"measured_values":[102872125.0,203928166.0,307087916.0,408621375.0,509990125.0,611786708.0,720412584.0,817241208.0,917018833.0,1017176750.0],"unit":"ns","throughput":[],"typical":{"estimate":34019829.72034632,"lower_bound":33946604.685574226,"upper_bound":34142731.65564521,"unit":"ns"},"mean":{"estimate":34066551.9207672,"lower_bound":33993353.42365741,"upper_bound":34151841.713756606,"unit":"ns"},"median":{"estimate":34025529.33333333,"lower_bound":33975905.46296297,"upper_bound":34171244.79166667,"unit":"ns"},"median_abs_dev":{"estimate":73663.36406998347,"lower_bound":8387.068051099777,"upper_bound":216248.26388582957,"unit":"ns"},"slope":{"estimate":34019829.72034632,"lower_bound":33946604.685574226,"upper_bound":34142731.65564521,"unit":"ns"},"change":{"mean":{"estimate":0.6302128541529843,"lower_bound":0.6178028145329535,"upper_bound":0.6433837128818437,"unit":"%"},"median":{"estimate":0.6249462056853894,"lower_bound":0.6126037043143647,"upper_bound":0.6507754232791141,"unit":"%"},"change":"Regressed"}}
{"reason":"benchmark-complete","id":"exponentiate/verify","report_directory":"/Users/schaliasos/Documents/Projects/zk-Harness/frameworks/halo2_pse/target/criterion/reports/exponentiate/verify","iteration_count":[119,238,357,476,595,714,833,952,1071,1190],"measured_values":[92162750.0,182956208.0,277644541.0,368510833.0,456864292.0,551932750.0,642400208.0,739616083.0,826739334.0,919568709.0],"unit":"ns","throughput":[],"typical":{"estimate":772913.702870239,"lower_bound":771352.1857118214,"upper_bound":774738.9097080937,"unit":"ns"},"mean":{"estimate":772872.8220258104,"lower_bound":771001.6876779211,"upper_bound":774729.7676870748,"unit":"ns"},"median":{"estimate":772880.9351540616,"lower_bound":770327.857142857,"upper_bound":775545.0362394957,"unit":"ns"},"median_abs_dev":{"estimate":2437.5171651287474,"lower_bound":802.757285748275,"upper_bound":6066.8637224387285,"unit":"ns"},"slope":{"estimate":772913.702870239,"lower_bound":771352.1857118214,"upper_bound":774738.9097080937,"unit":"ns"},"change":{"mean":{"estimate":-0.004572975502794563,"lower_bound":-0.010972081319485946,"upper_bound":0.0015356519408012744,"unit":"%"},"median":{"estimate":-0.004382011266829466,"lower_bound":-0.010005636334156631,"upper_bound":0.0021055079703315993,"unit":"%"},"change":"NoChange"}}
{"reason":"group-complete","group_name":"exponentiate","benchmarks":["exponentiate/setup","exponentiate/prove","exponentiate/verify"],"report_directory":"/Users/schaliasos/Documents/Projects/zk-Harness/frameworks/halo2_pse/target/criterion/reports/exponentiate"}
